  flscon:  version 23.2.0.01  win64 2022 ,,
 FLOW-3D   11:16:33  05/26/2026 byum     ,,
   hydr3d   version  23.2.1.1  win64     05/02/2024 HYDRO    ,,
 Simulation Template: Free Surface - TruVOF (Default)                            ,,
,,
Mesh Block   1,,
 printing u, v, w and scrdif       t=0.0  ix=3 to  120   jy=3 to  50  kz=3 to  47 
       1        1      0.000E+00      0.000E+00        3      120        3       50        3       47,,
   x               y               z               u               v               w               scrdif,,
   4.7340277E-03  -2.2313604E-01  -1.2225556E-01   0.0000000E+00   0.0000000E+00   0.0000000E+00   0.0000000E+00,,
   1.4200754E-02  -2.2313604E-01  -1.2225556E-01   0.0000000E+00   0.0000000E+00   0.0000000E+00   0.0000000E+00,,
   2.3664821E-02  -2.2313604E-01  -1.2225556E-01   0.0000000E+00   0.0000000E+00   0.0000000E+00   0.0000000E+00,,
   3.3126231E-02  -2.2313604E-01  -1.2225556E-01   0.0000000E+00   0.0000000E+00   0.0000000E+00   0.0000000E+00,,
   4.2584978E-02  -2.2313604E-01  -1.2225556E-01   0.0000000E+00   0.0000000E+00   0.0000000E+00   0.0000000E+00,,
   5.2041069E-02  -2.2313604E-01  -1.2225556E-01   0.0000000E+00   0.0000000E+00   0.0000000E+00   0.0000000E+00,,
   6.1494507E-02  -2.2313604E-01  -1.2225556E-01   0.0000000E+00   0.0000000E+00   0.0000000E+00   0.0000000E+00,,
   7.0945278E-02  -2.2313604E-01  -1.2225556E-01   0.0000000E+00   0.0000000E+00   0.0000000E+00   0.0000000E+00,,
   8.0393389E-02  -2.2313604E-01  -1.2225556E-01   0.0000000E+00   0.0000000E+00   0.0000000E+00   0.0000000E+00,,
   8.9838848E-02  -2.2313604E-01  -1.2225556E-01   0.0000000E+00   0.0000000E+00   0.0000000E+00   0.0000000E+00,,
   9.9281646E-02  -2.2313604E-01  -1.2225556E-01   0.0000000E+00   0.0000000E+00   0.0000000E+00   0.0000000E+00,,
   1.0872179E-01  -2.2313604E-01  -1.2225556E-01   0.0000000E+00   0.0000000E+00   0.0000000E+00   0.0000000E+00,,
   1.1815926E-01  -2.2313604E-01  -1.2225556E-01   0.0000000E+00   0.0000000E+00   0.0000000E+00   0.0000000E+00,,
   1.2759408E-01  -2.2313604E-01  -1.2225556E-01   0.0000000E+00   0.0000000E+00   0.0000000E+00   0.0000000E+00,,
   1.3702625E-01  -2.2313604E-01  -1.2225556E-01   0.0000000E+00   0.0000000E+00   0.0000000E+00   0.0000000E+00,,
   1.4645575E-01  -2.2313604E-01  -1.2225556E-01   0.0000000E+00   0.0000000E+00   0.0000000E+00   0.0000000E+00,,
   1.5588260E-01  -2.2313604E-01  -1.2225556E-01   0.0000000E+00   0.0000000E+00   0.0000000E+00   0.0000000E+00,,
   1.6530678E-01  -2.2313604E-01  -1.2225556E-01   0.0000000E+00   0.0000000E+00   0.0000000E+00   0.0000000E+00,,
   1.7472830E-01  -2.2313604E-01  -1.2225556E-01   0.0000000E+00   0.0000000E+00   0.0000000E+00   0.0000000E+00,,
   1.8414718E-01  -2.2313604E-01  -1.2225556E-01   0.0000000E+00   0.0000000E+00   0.0000000E+00   0.0000000E+00,,
   1.9356339E-01  -2.2313604E-01  -1.2225556E-01   0.0000000E+00   0.0000000E+00   0.0000000E+00   0.0000000E+00,,
   2.0297694E-01  -2.2313604E-01  -1.2225556E-01   0.0000000E+00   0.0000000E+00   0.0000000E+00   0.0000000E+00,,
   2.1238783E-01  -2.2313604E-01  -1.2225556E-01   0.0000000E+00   0.0000000E+00   0.0000000E+00   0.0000000E+00,,
   2.2179607E-01  -2.2313604E-01  -1.2225556E-01   0.0000000E+00   0.0000000E+00   0.0000000E+00   0.0000000E+00,,
   2.3120165E-01  -2.2313604E-01  -1.2225556E-01   0.0000000E+00   0.0000000E+00   0.0000000E+00   0.0000000E+00,,
   2.4060456E-01  -2.2313604E-01  -1.2225556E-01   0.0000000E+00   0.0000000E+00   0.0000000E+00   0.0000000E+00,,
   2.5000483E-01  -2.2313604E-01  -1.2225556E-01   0.0000000E+00   0.0000000E+00   0.0000000E+00   0.0000000E+00,,
   2.5940242E-01  -2.2313604E-01  -1.2225556E-01   0.0000000E+00   0.0000000E+00   0.0000000E+00   0.0000000E+00,,
   2.6879734E-01  -2.2313604E-01  -1.2225556E-01   0.0000000E+00   0.0000000E+00   0.0000000E+00   0.0000000E+00,,
   2.7818963E-01  -2.2313604E-01  -1.2225556E-01   0.0000000E+00   0.0000000E+00   0.0000000E+00   0.0000000E+00,,
   2.8757924E-01  -2.2313604E-01  -1.2225556E-01   0.0000000E+00   0.0000000E+00   0.0000000E+00   0.0000000E+00,,
   2.9696622E-01  -2.2313604E-01  -1.2225556E-01   0.0000000E+00   0.0000000E+00   0.0000000E+00   0.0000000E+00,,
   3.0635053E-01  -2.2313604E-01  -1.2225556E-01   0.0000000E+00   0.0000000E+00   0.0000000E+00   0.0000000E+00,,
   3.1573218E-01  -2.2313604E-01  -1.2225556E-01   0.0000000E+00   0.0000000E+00   0.0000000E+00   0.0000000E+00,,
   3.2511118E-01  -2.2313604E-01  -1.2225556E-01   0.0000000E+00   0.0000000E+00   0.0000000E+00   0.0000000E+00,,
   3.3448750E-01  -2.2313604E-01  -1.2225556E-01   0.0000000E+00   0.0000000E+00   0.0000000E+00   0.0000000E+00,,
   3.4386247E-01  -2.2313604E-01  -1.2225556E-01   0.0000000E+00   0.0000000E+00   0.0000000E+00   0.0000000E+00,,
   3.5323751E-01  -2.2313604E-01  -1.2225556E-01   0.0000000E+00   0.0000000E+00   0.0000000E+00   0.0000000E+00,,
   3.6261249E-01  -2.2313604E-01  -1.2225556E-01   0.0000000E+00   0.0000000E+00   0.0000000E+00   0.0000000E+00,,
   3.7198752E-01  -2.2313604E-01  -1.2225556E-01   0.0000000E+00   0.0000000E+00   0.0000000E+00   0.0000000E+00,,
   3.8136250E-01  -2.2313604E-01  -1.2225556E-01   0.0000000E+00   0.0000000E+00   0.0000000E+00   0.0000000E+00,,
   3.9073747E-01  -2.2313604E-01  -1.2225556E-01   0.0000000E+00   0.0000000E+00   0.0000000E+00   0.0000000E+00,,
   4.0011251E-01  -2.2313604E-01  -1.2225556E-01   0.0000000E+00   0.0000000E+00   0.0000000E+00   0.0000000E+00,,
   4.0948749E-01  -2.2313604E-01  -1.2225556E-01   0.0000000E+00   0.0000000E+00   0.0000000E+00   0.0000000E+00,,
   4.1886252E-01  -2.2313604E-01  -1.2225556E-01   0.0000000E+00   0.0000000E+00   0.0000000E+00   0.0000000E+00,,
   4.2823750E-01  -2.2313604E-01  -1.2225556E-01   0.0000000E+00   0.0000000E+00   0.0000000E+00   0.0000000E+00,,
   4.3761247E-01  -2.2313604E-01  -1.2225556E-01   0.0000000E+00   0.0000000E+00   0.0000000E+00   0.0000000E+00,,
   4.4698751E-01  -2.2313604E-01  -1.2225556E-01   0.0000000E+00   0.0000000E+00   0.0000000E+00   0.0000000E+00,,
   4.5636249E-01  -2.2313604E-01  -1.2225556E-01   0.0000000E+00   0.0000000E+00   0.0000000E+00   0.0000000E+00,,
   4.6573752E-01  -2.2313604E-01  -1.2225556E-01   0.0000000E+00   0.0000000E+00   0.0000000E+00   0.0000000E+00,,
   4.7511250E-01  -2.2313604E-01  -1.2225556E-01   0.0000000E+00   0.0000000E+00   0.0000000E+00   0.0000000E+00,,
   4.8448926E-01  -2.2313604E-01  -1.2225556E-01   0.0000000E+00   0.0000000E+00   0.0000000E+00   0.0000000E+00,,
   4.9386960E-01  -2.2313604E-01  -1.2225556E-01   0.0000000E+00   0.0000000E+00   0.0000000E+00   0.0000000E+00,,
   5.0325346E-01  -2.2313604E-01  -1.2225556E-01   0.0000000E+00   0.0000000E+00   0.0000000E+00   0.0000000E+00,,
   5.1264083E-01  -2.2313604E-01  -1.2225556E-01   0.0000000E+00   0.0000000E+00   0.0000000E+00   0.0000000E+00,,
   5.2203178E-01  -2.2313604E-01  -1.2225556E-01   0.0000000E+00   0.0000000E+00   0.0000000E+00   0.0000000E+00,,
   5.3142631E-01  -2.2313604E-01  -1.2225556E-01   0.0000000E+00   0.0000000E+00   0.0000000E+00   0.0000000E+00,,
   5.4082435E-01  -2.2313604E-01  -1.2225556E-01   0.0000000E+00   0.0000000E+00   0.0000000E+00   0.0000000E+00,,
   5.5022591E-01  -2.2313604E-01  -1.2225556E-01   0.0000000E+00   0.0000000E+00   0.0000000E+00   0.0000000E+00,,
   5.5963105E-01  -2.2313604E-01  -1.2225556E-01   0.0000000E+00   0.0000000E+00   0.0000000E+00   0.0000000E+00,,
   5.6903970E-01  -2.2313604E-01  -1.2225556E-01   0.0000000E+00   0.0000000E+00   0.0000000E+00   0.0000000E+00,,
   5.7845199E-01  -2.2313604E-01  -1.2225556E-01   0.0000000E+00   0.0000000E+00   0.0000000E+00   0.0000000E+00,,
   5.8786774E-01  -2.2313604E-01  -1.2225556E-01   0.0000000E+00   0.0000000E+00   0.0000000E+00   0.0000000E+00,,
   5.9728706E-01  -2.2313604E-01  -1.2225556E-01   0.0000000E+00   0.0000000E+00   0.0000000E+00   0.0000000E+00,,
   6.0670984E-01  -2.2313604E-01  -1.2225556E-01   0.0000000E+00   0.0000000E+00   0.0000000E+00   0.0000000E+00,,
   6.1613631E-01  -2.2313604E-01  -1.2225556E-01   0.0000000E+00   0.0000000E+00   0.0000000E+00   0.0000000E+00,,
   6.2556624E-01  -2.2313604E-01  -1.2225556E-01   0.0000000E+00   0.0000000E+00   0.0000000E+00   0.0000000E+00,,
   6.3499975E-01  -2.2313604E-01  -1.2225556E-01   0.0000000E+00   0.0000000E+00   0.0000000E+00   0.0000000E+00,,
   6.4443672E-01  -2.2313604E-01  -1.2225556E-01   0.0000000E+00   0.0000000E+00   0.0000000E+00   0.0000000E+00,,
   6.5387732E-01  -2.2313604E-01  -1.2225556E-01   0.0000000E+00   0.0000000E+00   0.0000000E+00   0.0000000E+00,,
   6.6332144E-01  -2.2313604E-01  -1.2225556E-01   0.0000000E+00   0.0000000E+00   0.0000000E+00   0.0000000E+00,,
   6.7276913E-01  -2.2313604E-01  -1.2225556E-01   0.0000000E+00   0.0000000E+00   0.0000000E+00   0.0000000E+00,,
   6.8222034E-01  -2.2313604E-01  -1.2225556E-01   0.0000000E+00   0.0000000E+00   0.0000000E+00   0.0000000E+00,,
   6.9167507E-01  -2.2313604E-01  -1.2225556E-01   0.0000000E+00   0.0000000E+00   0.0000000E+00   0.0000000E+00,,
   7.0113337E-01  -2.2313604E-01  -1.2225556E-01   0.0000000E+00   0.0000000E+00   0.0000000E+00   0.0000000E+00,,
   7.1059525E-01  -2.2313604E-01  -1.2225556E-01   0.0000000E+00   0.0000000E+00   0.0000000E+00   0.0000000E+00,,
   7.2006059E-01  -2.2313604E-01  -1.2225556E-01   0.0000000E+00   0.0000000E+00   0.0000000E+00   0.0000000E+00,,
   7.2952956E-01  -2.2313604E-01  -1.2225556E-01   0.0000000E+00   0.0000000E+00   0.0000000E+00   0.0000000E+00,,
   7.3900205E-01  -2.2313604E-01  -1.2225556E-01   0.0000000E+00   0.0000000E+00   0.0000000E+00   0.0000000E+00,,
   7.4847806E-01  -2.2313604E-01  -1.2225556E-01   0.0000000E+00   0.0000000E+00   0.0000000E+00   0.0000000E+00,,
   7.5795764E-01  -2.2313604E-01  -1.2225556E-01   0.0000000E+00   0.0000000E+00   0.0000000E+00   0.0000000E+00,,
   7.6744074E-01  -2.2313604E-01  -1.2225556E-01   0.0000000E+00   0.0000000E+00   0.0000000E+00   0.0000000E+00,,
   7.7692741E-01  -2.2313604E-01  -1.2225556E-01   0.0000000E+00   0.0000000E+00   0.0000000E+00   0.0000000E+00,,
   7.8641760E-01  -2.2313604E-01  -1.2225556E-01   0.0000000E+00   0.0000000E+00   0.0000000E+00   0.0000000E+00,,
   7.9591137E-01  -2.2313604E-01  -1.2225556E-01   0.0000000E+00   0.0000000E+00   0.0000000E+00   0.0000000E+00,,
   8.0540866E-01  -2.2313604E-01  -1.2225556E-01   0.0000000E+00   0.0000000E+00   0.0000000E+00   0.0000000E+00,,
   8.1490952E-01  -2.2313604E-01  -1.2225556E-01   0.0000000E+00   0.0000000E+00   0.0000000E+00   0.0000000E+00,,
   8.2441390E-01  -2.2313604E-01  -1.2225556E-01   0.0000000E+00   0.0000000E+00   0.0000000E+00   0.0000000E+00,,
   8.3392179E-01  -2.2313604E-01  -1.2225556E-01   0.0000000E+00   0.0000000E+00   0.0000000E+00   0.0000000E+00,,
   8.4343332E-01  -2.2313604E-01  -1.2225556E-01   0.0000000E+00   0.0000000E+00   0.0000000E+00   0.0000000E+00,,
   8.5294831E-01  -2.2313604E-01  -1.2225556E-01   0.0000000E+00   0.0000000E+00   0.0000000E+00   0.0000000E+00,,
